4560-T7362	ADDED	[AI-Applied]	2026-09-30T16:57:42Z
4560-T7365	ADDED	[AI-Applied]	2026-09-30T16:57:42Z
4560-T7373	ADDED	[AI-Applied]	2026-09-30T16:57:42Z
4560-T7376	ADDED	[AI-Applied]	2026-09-30T16:57:42Z
4560-T7379	ADDED	[AI-Applied]	2026-09-30T16:57:42Z
4560-T228	ADDED	[AI-Applied]	2026-09-30T16:57:42Z
4560-T2596	ADDED	[AI-Applied]	2026-09-30T16:57:42Z
4560-T35	ADDED	[AI-Applied]	2026-09-30T16:57:42Z
4560-T7358	ADDED	[AI-Applied]	2026-09-30T16:57:42Z
4560-T1362	ADDED	[AI-Applied]	2026-09-30T16:57:42Z
4560-T1363	ADDED	[AI-Applied]	2026-09-30T16:57:42Z
4560-T257	ADDED	[AI-Applied]	2026-09-30T16:57:42Z
4560-T318	ADDED	[AI-Applied]	2026-09-30T16:57:42Z
4560-T536	ADDED	[AI-Applied]	2026-09-30T16:57:42Z
4560-T537	ADDED	[AI-Applied]	2026-09-30T16:57:42Z
4560-T7361	ADDED	[AI-Applied]	2026-09-30T16:57:42Z
4560-T7363	ADDED	[AI-Applied]	2026-09-30T16:57:42Z
4560-T7364	ADDED	[AI-Applied]	2026-09-30T16:57:42Z
4560-T7375	ADDED	[AI-Applied]	2026-09-30T16:57:42Z
4560-T116	ADDED	[AI-Applied]	2026-09-30T16:57:42Z
4560-T119	ADDED	[AI-Applied]	2026-09-30T18:59:47Z
4560-T66	ADDED	[AI-Applied]	2026-09-30T18:59:47Z
4560-T1541	ADDED	[AI-Applied]	2026-09-30T18:59:47Z
4560-T1542	ADDED	[AI-Applied]	2026-09-30T18:59:47Z
4560-T166	ADDED	[AI-Applied]	2026-09-30T19:04:28Z
4560-T167	ADDED	[AI-Applied]	2026-09-30T19:04:28Z
4560-T2600	ADDED	[AI-Applied]	2026-09-30T19:04:28Z
4560-T2609	ADDED	[AI-Applied]	2026-09-30T19:04:28Z
4560-T2139	ADDED	[AI-Applied]	2026-09-30T19:26:30Z
4560-T2140	ADDED	[AI-Applied]	2026-09-30T19:26:30Z
4560-T29	ADDED	[AI-Applied]	2026-09-30T19:26:30Z
4560-T96	ADDED	[AI-Applied]	2026-09-30T19:26:30Z
4560-T374	ADDED	[AI-Documented]	2026-09-30T19:42:45Z
4560-T7370	ADDED	[AI-Applied]	2026-09-30T19:42:45Z
4560-T7372	ADDED	[AI-Applied]	2026-09-30T19:42:45Z
4560-T7382	ADDED	[AI-Applied]	2026-09-30T19:50:24Z
4560-T75	ADDED	[AI-Applied]	2026-09-30T19:50:24Z
4560-T7368	ADDED	[AI-Applied]	2026-09-30T19:50:24Z
4560-T7354	ADDED	[AI-Applied]	2026-09-30T19:50:24Z
4560-T1918	ADDED	[AI-Documented]	2026-09-30T19:50:24Z
4560-T7353	ADDED	[AI-Applied]	2026-09-30T20:03:21Z
4560-T1919	ADDED	[AI-Applied]	2026-09-30T20:03:21Z
4560-T20	ADDED	[AI-Applied]	2026-09-30T20:09:46Z
4560-T86	ADDED	[AI-Applied]	2026-09-30T20:09:46Z
T61	[AI-Applied]
T323	[AI-Applied]
T69	[AI-Applied]
T230	[AI-Applied]
T70	[AI-Applied]
T114	[AI-Applied]
T1539	[AI-Applied]
T1540	[AI-Applied]
T78	[AI-Applied]
T7367	[AI-Applied]
T558	[AI-Applied]
T589	[AI-Applied]
T4439	[AI-Applied]
T4450	[AI-Applied]
T1887	[AI-Applied]
T1889	[AI-Documented]
T7355	[AI-Applied]
T15	[AI-Applied]
T226	[AI-Applied]
T18	[AI-Applied]
T184	[AI-Applied]
T106	[AI-Applied]
T128	[AI-Applied]
T17	[AI-Applied]
T338	[AI-Applied]
T2276	[AI-Applied]
T340	[AI-Documented]
T2277	[AI-Documented]
T394	[AI-Applied]
T395	[AI-Applied]
T406	[AI-Applied]
T407	[AI-Applied]
T1922	[AI-Applied]
T2597	[AI-Documented]
T2606	[AI-Documented]
T4748	[AI-Documented]
T7356	[AI-Applied]
T378	[AI-Applied]
T373	[AI-Applied]
T2282	[AI-Applied]
T85	[AI-Applied]
T2141	[AI-Applied]
T2142	[AI-Applied]
T50	[AI-Applied]
T4440	[AI-Applied]
T4451	[AI-Applied]
T3915	[AI-Applied]
T2598	[AI-Documented]
T2607	[AI-Documented]
T2105	[AI-Documented]
T2106	[AI-Documented]
T3903	[AI-Documented]
T3905	[AI-Documented]
T3906	[AI-Documented]
T3907	[AI-Documented]
T3908	[AI-Documented]
T4747	126067	Applied
T4751	126068	Applied
T4746	126069	Applied
T4750	126070	Applied
T1917	126071	Applied
T1174	126072	Applied
T1175	126073	Applied
T3932	126074	Applied
T3916	126075	Documented
T3920	126076	Documented
T3922	126077	Documented
T3923	126078	Documented
T3924	126079	Documented
T3925	126080	Documented
T3933	126081	Documented
T2257	126082	Documented
T4749	126083	Documented
T2109	126084	Documented
T2110	126085	Documented
T1154	126086	Documented
T1188	126087	Applied
T1189	126088	Applied
T1190	126089	Applied
T1191	126090	Applied
T1192	126091	Applied
T1193	126092	Applied
T1194	126093	Applied
T1195	126094	Applied
T1196	126095	Applied
T1197	126096	Applied
T1198	126097	Applied
T1199	126098	Applied
T1200	126099	Applied
T1155	126100	Documented
T1156	126101	Documented
T1157	126102	Documented
T1158	126103	Documented
T1159	126104	Documented
T1172	126105	Documented
T1173	126106	Documented
T1201	126107	Applied
T1202	126108	Applied
T1203	126109	Applied
T1204	126110	Applied
T1205	126111	Applied
T1206	126112	Applied
T1207	126113	Applied
T1210	126114	Applied
T1211	126115	Applied
T1214	126116	Applied
T1215	126117	Applied
T1150	126118	Applied
T1151	126119	Applied
T1176	126120	Applied
T1177	126121	Applied
T1234	126122	Documented
T1235	126123	Documented
T1236	126124	Documented
T1237	126125	Documented
T2256	126126	Documented
T197	126127	Applied
T439	126128	Applied
T2485	126129	Applied
T2486	126130	Applied
T21	126131	Applied
T1468	126132	Applied
T1208	126133	Applied
T1209	126134	Applied
T1212	126135	Applied
T1213	126136	Applied
T2115	126137	Documented
T2116	126138	Documented
T2620	126139	Documented
T1166	126140	Documented
T1167	126141	Documented
T2601	126142	Documented
T2610	126143	Documented
T2621	126144	Documented
T2665	126145	Documented
T2666	126146	Documented
T587	126147	Applied
T151	126148	Applied
T446	126149	Applied
T59	126150	Applied
T60	126151	Applied
T445	126152	Applied
T87	126153	Applied
T156	126154	Applied
T175	126155	Applied
T295	126156	Applied
T296	126157	Applied
T4443	126158	Applied
T4454	126159	Applied
T2603	126160	Documented
T2612	126161	Documented
T2662	126162	Documented
T2605	126163	Documented
T2614	126164	Documented
T2616	126165	Documented
T2652	126166	Documented
T186	126167	Applied
T241	126168	Applied
T7374	126169	Applied
CT9	126170	Applied
T2349	126171	Applied
T2357	126172	Applied
T281	126173	Applied
T4441	126174	Applied
T4442	126175	Applied
T4452	126176	Applied
T4453	126177	Applied
T2661	126178	Documented
T2663	126179	Documented
T2602	126180	Documented
T2611	126181	Documented
T2615	126182	Documented
T2619	126183	Documented
T3913	126184	Documented
T3930	126185	Documented
T4601	126186	Documented
T105	126187	Applied
T49	126188	Applied
T284	126189	Applied
T101	126190	Applied
T38	126191	Applied
T7359	126192	Applied
T42	126193	Applied
T43	126194	Applied
T659	126195	Applied
T7380	126196	Applied
T122	126197	Applied
T7360	126198	Applied
T7366	126199	Applied
T7381	126200	Applied
T2599	126201	Applied
T2608	126202	Applied
T7412	126203	Applied
T7415	126204	Applied
T1144	126205	Applied
T2258	126206	Documented
T7377	126207	Applied
T36	126208	Applied
T7378	126209	Applied
T1365	126210	Applied
T1392	126211	Applied
T279	126212	Applied
T305	126213	Applied
T1145	126214	Applied
T4436	126215	Applied
T4447	126216	Applied
T4437	126217	Applied
T4448	126218	Applied
T4438	126219	Applied
T4449	126220	Applied
T4434	126221	Applied
T4445	126222	Applied
T4435	126223	Applied
T4446	126224	Applied
T573	126225	Documented
T576	126226	Documented
T7371	126227	Applied
T349	126228	Documented
T350	126229	Documented
T4433	126230	Applied
T4444	126231	Applied
T7411	126232	Applied
T7414	126233	Applied
T89	126234	Applied
T32	126235	Applied
T98	126236	Applied
T7369	126237	Applied
T76	126238	Applied
T1186	126239	Applied
T1187	126240	Applied
T214	126241	Documented
