1	T7362	CODE_FIX	10	TEMPLATE	skills/api-security/T7362-enforce-trusted-hosts-and-https-only-transport-w/SKILL.md	Enforce trusted hosts and HTTPS-only transport with Starlette middleware (FastAPI)
1	T7365	CODE_FIX	10	TEMPLATE	skills/api-security/T7365-rate-limit-authentication-and-expensive-endpoint/SKILL.md	Rate-limit authentication and expensive endpoints (FastAPI)
1	T7373	CODE_FIX	10	TEMPLATE	skills/api-security/T7373-trust-forwarded-headers-only-from-known-proxies/SKILL.md	Trust forwarded headers only from known proxies behind TLS (FastAPI)
1	T7376	CODE_FIX	10	TEMPLATE	skills/api-security/T7376-add-automated-security-regression-tests-for-crit/SKILL.md	Add automated security regression tests for critical controls (FastAPI)
1	T7379	CODE_FIX	10	TEMPLATE	skills/api-security/T7379-serve-static-files-only-from-a-dedicated-non-sen/SKILL.md	Serve static files only from a dedicated non-sensitive directory (FastAPI)
1	T228	CODE_FIX	9	TEMPLATE	skills/api-security/T228-test-that-application-restricts-http-message-siz/SKILL.md	Test that application restricts HTTP message size
1	T2596	CODE_FIX	9	TEMPLATE	skills/api-security/T2596-prevent-http-request-smuggling/SKILL.md	Prevent HTTP Request Smuggling
1	T35	CODE_FIX	9	TEMPLATE	skills/api-security/T35-fine-tune-http-server-settings/SKILL.md	Fine-tune HTTP server settings
1	T7358	CODE_FIX	9	TEMPLATE	skills/api-security/T7358-constrain-responses-with-response-model-to-preve/SKILL.md	Constrain responses with response_model to prevent sensitive-data exposure (FastAPI)
1	T1362	CODE_FIX	8	LIBRARY:TA9329	skills/api-security/T1362-python/SKILL.md	Perform message throttling in Web APIs
1	T1363	CODE_FIX	8	TEMPLATE	skills/api-security/T1363-verify-if-message-throttling-is-properly-perform/SKILL.md	Verify if message throttling is properly performed in Web APIs
1	T257	CODE_FIX	8	LIBRARY:TA9522	skills/api-security/T257-python/SKILL.md	Secure cross origin resource sharing (CORS)
1	T318	CODE_FIX	8	TEMPLATE	skills/api-security/T318-verify-security-of-cross-origin-resource-sharing/SKILL.md	Verify security of cross origin resource sharing (CORS)
1	T536	CODE_FIX	8	TEMPLATE	skills/api-security/T536-restrict-the-size-of-incoming-messages-in-servic/SKILL.md	Restrict the size of incoming messages in services
1	T537	CODE_FIX	8	TEMPLATE	skills/api-security/T537-test-that-the-size-of-incoming-messages-in-servi/SKILL.md	Test that the size of incoming messages in services is restricted
1	T7361	CODE_FIX	8	TEMPLATE	skills/api-security/T7361-configure-cors-with-explicit-origins-and-never-w/SKILL.md	Configure CORS with explicit origins and never wildcard with credentials (FastAPI)
1	T7363	CODE_FIX	8	TEMPLATE	skills/api-security/T7363-add-security-response-headers-via-middleware-fas/SKILL.md	Add security response headers via middleware (FastAPI)
1	T7364	CODE_FIX	8	TEMPLATE	skills/api-security/T7364-enforce-request-body-and-upload-size-limits-to-r/SKILL.md	Enforce request-body and upload size limits to resist memory-exhaustion DoS (FastAPI)
1	T7375	CODE_FIX	8	TEMPLATE	skills/api-security/T7375-keep-blocking-work-off-the-async-event-loop-fast/SKILL.md	Keep blocking work off the async event loop (FastAPI)
1	T116	CODE_FIX	7	TEMPLATE	skills/api-security/T116-test-for-regular-expression-denial-of-service/SKILL.md	Test for regular expression denial of service
2	T119	CODE_FIX	7	TEMPLATE	skills/api-security/T119-test-for-clickjacking/SKILL.md	Test for clickjacking
2	T1541	CODE_FIX	7	LIBRARY:TA9324	skills/api-security/T1541-python/SKILL.md	Decide on the best CSRF defense for your application
2	T1542	CODE_FIX	7	LIBRARY:TA9315	skills/api-security/T1542-python/SKILL.md	Use the correct HTTP methods for making state-changing operations
2	T166	CODE_FIX	7	LIBRARY:TA9317	skills/api-security/T166-python/SKILL.md	Protect against JSON hijacking
2	T167	CODE_FIX	7	TEMPLATE	skills/api-security/T167-test-that-the-application-is-not-vulnerable-to-j/SKILL.md	Test that the application is not vulnerable to JSON Hijacking
2	T2139	CODE_FIX	7	LIBRARY:TA9362	skills/api-security/T2139-python/SKILL.md	Prevent information exposure through APIs
2	T2140	CODE_FIX	7	TEMPLATE	skills/api-security/T2140-test-that-apis-do-not-expose-sensitive-informati/SKILL.md	Test that APIs do not expose sensitive information
2	T2600	CODE_FIX	7	TEMPLATE	skills/api-security/T2600-control-the-result-set-size-returned-by-a-query/SKILL.md	Control the result set size returned by a query
2	T2609	CODE_FIX	7	LIBRARY:TA8583	skills/api-security/T2609-python/SKILL.md	Verify that the result set size returned by queries are controlled
2	T29	CODE_FIX	7	LIBRARY:TA9301	skills/api-security/T29-python/SKILL.md	Use anti-Cross-Site Request Forgery (CSRF) tokens
2	T374	INFRA	7	TEMPLATE	skills/api-security/T374-offload-http-request-handling-to-dedicated-modul/SKILL.md	Offload HTTP request handling to dedicated modules
2	T66	CODE_FIX	7	TEMPLATE	skills/api-security/T66-prevent-web-pages-from-being-loaded-inside-ifram/SKILL.md	Prevent web pages from being loaded inside iFrame
2	T7368	CODE_FIX	7	TEMPLATE	skills/api-security/T7368-protect-cookie-authenticated-routes-with-samesit/SKILL.md	Protect cookie-authenticated routes with SameSite cookies and CSRF tokens (FastAPI)
2	T7370	CODE_FIX	7	TEMPLATE	skills/api-security/T7370-return-generic-errors-and-disable-debug-output-i/SKILL.md	Return generic errors and disable debug output in production (FastAPI)
2	T7372	CODE_FIX	7	TEMPLATE	skills/api-security/T7372-restrict-interactive-api-documentation-exposure/SKILL.md	Restrict interactive API documentation exposure in production (FastAPI)
2	T7382	CODE_FIX	7	TEMPLATE	skills/api-security/T7382-make-critical-state-changing-operations-replay-r/SKILL.md	Make critical state-changing operations replay-resistant (FastAPI)
2	T75	CODE_FIX	7	LIBRARY:TA9350	skills/api-security/T75-python/SKILL.md	Use regular expressions that are not vulnerable to Denial of Service
2	T96	CODE_FIX	7	TEMPLATE	skills/api-security/T96-test-if-your-site-is-vulnerable-to-csrf/SKILL.md	Test if your site is vulnerable to CSRF
2	T7354	CODE_FIX	10	TEMPLATE	skills/authentication/T7354-hash-user-passwords-with-argon2-or-bcrypt-via-a/SKILL.md	Hash user passwords with Argon2 or bcrypt via a vetted library (FastAPI)
2	T1918	INFRA	9	TEMPLATE	skills/authentication/T1918-integrate-with-sso/SKILL.md	Integrate with SSO
3	T1919	CODE_FIX	9	LIBRARY:TA9313	skills/authentication/T1919-python/SKILL.md	Use JSON Web Token (JWT) securely
3	T20	CODE_FIX	9	LIBRARY:TA9297	skills/authentication/T20-python/SKILL.md	Generate unique session IDs and reset old IDs after authentication
3	T323	CODE_FIX	9	TEMPLATE	skills/authentication/T323-test-that-default-accounts-are-disabled-or-defau/SKILL.md	Test that default accounts are disabled or default passwords are changed
3	T558	CODE_FIX	9	TEMPLATE	skills/authentication/T558-authenticate-all-other-components-before-any-net/SKILL.md	Authenticate all other components before any network communication with them
3	T589	CODE_FIX	9	TEMPLATE	skills/authentication/T589-verify-that-all-the-components-are-authenticated/SKILL.md	Verify that all the components are authenticated explicitly
3	T61	CODE_FIX	9	TEMPLATE	skills/authentication/T61-disable-default-accounts-or-change-all-default-p/SKILL.md	Disable default accounts or change all default passwords
3	T7353	CODE_FIX	9	TEMPLATE	skills/authentication/T7353-authenticate-requests-with-signed-jwts-and-expli/SKILL.md	Authenticate requests with signed JWTs and explicitly pinned algorithms (FastAPI)
3	T7367	CODE_FIX	9	TEMPLATE	skills/authentication/T7367-validate-the-origin-and-authenticate-every-webso/SKILL.md	Validate the Origin and authenticate every WebSocket handshake (FastAPI)
3	T78	CODE_FIX	9	TEMPLATE	skills/authentication/T78-test-strength-of-password-reset-mechanism/SKILL.md	Test strength of password reset mechanism
3	T86	CODE_FIX	9	TEMPLATE	skills/authentication/T86-test-session-id-uniqueness-and-rotation-after-au/SKILL.md	Test session ID uniqueness and rotation after authentication
3	T114	CODE_FIX	8	TEMPLATE	skills/authentication/T114-test-system-to-system-authentication-lockout-or/SKILL.md	Test system-to-system authentication lockout or throttling
3	T1539	CODE_FIX	8	TEMPLATE	skills/authentication/T1539-clear-browser-data-on-user-logout/SKILL.md	Clear browser data on user logout
3	T1540	CODE_FIX	8	TEMPLATE	skills/authentication/T1540-verify-that-browser-data-is-cleared-upon-user-lo/SKILL.md	Verify that browser data is cleared upon user logout
3	T1887	CODE_FIX	8	LIBRARY:TA9507	skills/authentication/T1887-python/SKILL.md	Decide on the right OAuth 2.0 flow for your application
3	T230	CODE_FIX	8	TEMPLATE	skills/authentication/T230-test-that-server-to-server-system-accounts-meet/SKILL.md	Test that server-to-server system accounts meet minimum password requirements
3	T4439	CODE_FIX	8	TEMPLATE	skills/authentication/T4439-prevent-authentication-attacks-bash-shell/SKILL.md	Prevent authentication attacks (Bash/Shell)
3	T4450	CODE_FIX	8	TEMPLATE	skills/authentication/T4450-test-authentication-bash-shell/SKILL.md	Test authentication (Bash/Shell)
3	T69	CODE_FIX	8	LIBRARY:TA8615	skills/authentication/T69-python/SKILL.md	Strong password requirements for server-to-server system accounts
3	T70	CODE_FIX	8	LIBRARY:TA9493	skills/authentication/T70-python/SKILL.md	Implement account lockout or authentication throttling for system accounts
3	T1889	INFRA	7	TEMPLATE	skills/authentication/T1889-secure-the-configuration-of-the-authorization-se/SKILL.md	Secure the configuration of the authorization server
4	T1922	CODE_FIX	7	LIBRARY:TA9523	skills/authentication/T1922-python/SKILL.md	Use secure OAuth 2.0 and OpenID Connect integration (where applicable)
4	T2276	CODE_FIX	7	TEMPLATE	skills/authentication/T2276-test-to-confirm-that-authorization-and-authentic/SKILL.md	Test to confirm that authorization and authentication controls are in place for access to resources
4	T2277	INFRA	7	TEMPLATE	skills/authentication/T2277-test-to-confirm-the-use-of-an-account-and-identi/SKILL.md	Test to confirm the use of an account and identity management system
4	T338	CODE_FIX	7	LIBRARY:TA9312	skills/authentication/T338-python/SKILL.md	Control access to resources through user authentication and authorization
4	T340	INFRA	7	TEMPLATE	skills/authentication/T340-use-an-account-and-identity-management-system/SKILL.md	Use an account and identity management system
4	T394	CODE_FIX	7	LIBRARY:TA9351	skills/authentication/T394-python/SKILL.md	Secure one-time passwords (OTP)
4	T395	CODE_FIX	7	TEMPLATE	skills/authentication/T395-verify-that-one-time-passwords-otp-are-securely/SKILL.md	Verify that one-time passwords (OTP) are securely used
4	T406	CODE_FIX	7	TEMPLATE	skills/authentication/T406-secure-symmetric-key-authentication/SKILL.md	Secure symmetric-key authentication
4	T407	CODE_FIX	7	TEMPLATE	skills/authentication/T407-verify-that-symmetric-key-authentication-is-secu/SKILL.md	Verify that symmetric-key authentication is secure
4	T2597	INFRA	10	TEMPLATE	skills/authorization/T2597-implement-rbac-instead-of-individual-accounts/SKILL.md	Implement RBAC instead of individual accounts
4	T2606	INFRA	10	TEMPLATE	skills/authorization/T2606-verify-rbac-implemented-instead-of-individual-ac/SKILL.md	Verify RBAC implemented instead of individual accounts
4	T4748	INFRA	10	TEMPLATE	skills/authorization/T4748-implement-role-based-access-control-rbac-for-con/SKILL.md	Implement Role-Based Access Control (RBAC) for container orchestration
4	T7355	CODE_FIX	10	TEMPLATE	skills/authorization/T7355-enforce-endpoint-authorization-with-dependencies/SKILL.md	Enforce endpoint authorization with dependencies and OAuth2 scopes (FastAPI)
4	T15	CODE_FIX	9	TEMPLATE	skills/authorization/T15-centralize-authorization/SKILL.md	Centralize authorization
4	T18	CODE_FIX	9	LIBRARY:TA9505	skills/authorization/T18-python/SKILL.md	Make authorization decisions using full context
4	T184	CODE_FIX	9	LIBRARY:TA9310	skills/authorization/T184-python/SKILL.md	Perform authorization checks on RESTful web services
4	T226	CODE_FIX	9	TEMPLATE	skills/authorization/T226-verify-that-authorization-is-centralized/SKILL.md	Verify that authorization is centralized
4	T106	CODE_FIX	8	TEMPLATE	skills/authorization/T106-test-that-site-is-not-vulnerable-to-direct-objec/SKILL.md	Test that site is not vulnerable to direct object access attacks
4	T128	CODE_FIX	8	TEMPLATE	skills/authorization/T128-test-for-access-control-bypass-through-user-cont/SKILL.md	Test for access control bypass through user-controlled keys
4	T17	CODE_FIX	8	LIBRARY:TA9296	skills/authorization/T17-python/SKILL.md	Do not only rely on client-side authorization
5	T2141	CODE_FIX	8	LIBRARY:TA8555	skills/authorization/T2141-python/SKILL.md	Perform function level authorization in API
5	T2142	CODE_FIX	8	LIBRARY:TA9512	skills/authorization/T2142-python/SKILL.md	Verify that function level authorization is implemented in API
5	T2282	CODE_FIX	8	TEMPLATE	skills/authorization/T2282-test-to-confirm-that-unauthenticated-parts-of-th/SKILL.md	Test to confirm that unauthenticated parts of the application are accessible
5	T2598	INFRA	8	LIBRARY:TA9511	skills/authorization/T2598-python/SKILL.md	Implement query-level access control
5	T2607	INFRA	8	TEMPLATE	skills/authorization/T2607-verify-query-level-access-control-is-implemented/SKILL.md	Verify query-level access control is implemented
5	T373	CODE_FIX	8	TEMPLATE	skills/authorization/T373-design-and-regulate-access-to-unauthenticated-pa/SKILL.md	Design and regulate access to unauthenticated parts of the application
5	T378	CODE_FIX	8	TEMPLATE	skills/authorization/T378-authorize-every-request-for-data-objects/SKILL.md	Authorize every request for data objects
5	T4440	CODE_FIX	8	TEMPLATE	skills/authorization/T4440-enforce-access-controls-bash-shell/SKILL.md	Enforce access controls (Bash/Shell)
5	T4451	CODE_FIX	8	TEMPLATE	skills/authorization/T4451-test-access-controls-bash-shell/SKILL.md	Test access controls (Bash/Shell)
5	T50	CODE_FIX	8	LIBRARY:TA9304	skills/authorization/T50-python/SKILL.md	Use indirect object reference maps if accessing files
5	T7356	CODE_FIX	8	TEMPLATE	skills/authorization/T7356-enforce-object-level-ownership-checks-on-every-r/SKILL.md	Enforce object-level ownership checks on every resource access (FastAPI)
5	T85	CODE_FIX	8	TEMPLATE	skills/authorization/T85-test-server-side-enforcement-of-authorization/SKILL.md	Test server-side enforcement of authorization
5	T2105	INFRA	7	TEMPLATE	skills/authorization/T2105-enforce-the-use-of-client-certificate-bundles-fo/SKILL.md	Enforce the use of client certificate bundles for unprivileged users to access UCP (Docker)
5	T2106	INFRA	7	TEMPLATE	skills/authorization/T2106-verify-that-the-use-of-client-certificate-bundle/SKILL.md	Verify that the use of client certificate bundles for unprivileged users is enforced (Docker)
5	T3903	INFRA	8	TEMPLATE	skills/ci-cd-security/T3903-implement-application-and-webhook-security-strat/SKILL.md	Implement application and webhook security strategies (GitHub)
5	T3905	INFRA	8	TEMPLATE	skills/ci-cd-security/T3905-ensure-pipeline-efficiency-and-security-github/SKILL.md	Ensure pipeline efficiency and security (GitHub)
5	T3906	INFRA	8	TEMPLATE	skills/ci-cd-security/T3906-implement-secure-build-worker-management-github/SKILL.md	Implement secure build worker management (GitHub)
5	T3907	INFRA	8	TEMPLATE	skills/ci-cd-security/T3907-ensure-pipeline-definition-and-security-github/SKILL.md	Ensure pipeline definition and security (GitHub)
5	T3908	INFRA	8	TEMPLATE	skills/ci-cd-security/T3908-enforce-artifact-signing-github/SKILL.md	Enforce artifact signing (GitHub)
5	T3915	CODE_FIX	8	TEMPLATE	skills/ci-cd-security/T3915-enforce-separation-of-deployment-configuration-f/SKILL.md	Enforce separation of deployment configuration files (GitHub)
6	T3916	INFRA	8	TEMPLATE	skills/ci-cd-security/T3916-ensure-automated-and-secure-deployment-github/SKILL.md	Ensure automated and secure deployment (GitHub)
6	T3920	INFRA	8	TEMPLATE	skills/ci-cd-security/T3920-test-application-and-webhook-security-strategies/SKILL.md	Test application and webhook security strategies (GitHub)
6	T3922	INFRA	8	TEMPLATE	skills/ci-cd-security/T3922-test-pipeline-efficiency-and-security-github/SKILL.md	Test pipeline efficiency and security (GitHub)
6	T3923	INFRA	8	TEMPLATE	skills/ci-cd-security/T3923-test-secure-build-worker-management-github/SKILL.md	Test secure build worker management (GitHub)
6	T3924	INFRA	8	TEMPLATE	skills/ci-cd-security/T3924-test-pipeline-definition-and-security-github/SKILL.md	Test pipeline definition and security (GitHub)
6	T3925	INFRA	8	TEMPLATE	skills/ci-cd-security/T3925-test-artifact-signing-github/SKILL.md	Test artifact signing (GitHub)
6	T3932	CODE_FIX	8	TEMPLATE	skills/ci-cd-security/T3932-test-separation-of-deployment-configuration-file/SKILL.md	Test separation of deployment configuration files (GitHub)
6	T3933	INFRA	8	TEMPLATE	skills/ci-cd-security/T3933-test-automated-and-secure-deployment-github/SKILL.md	Test automated and secure deployment (GitHub)
6	T1917	CODE_FIX	10	TEMPLATE	skills/container-security/T1917-perform-container-security-assessment/SKILL.md	Perform container security assessment
6	T2257	INFRA	10	TEMPLATE	skills/container-security/T2257-regularly-update-and-patch-containerization-syst/SKILL.md	Regularly update and patch containerization systems
6	T4746	CODE_FIX	10	TEMPLATE	skills/container-security/T4746-ensure-container-images-are-secure/SKILL.md	Ensure container images are secure
6	T4747	CODE_FIX	10	TEMPLATE	skills/container-security/T4747-limit-container-privileges/SKILL.md	Limit container privileges
6	T4749	INFRA	10	TEMPLATE	skills/container-security/T4749-monitor-containers-in-real-time/SKILL.md	Monitor containers in real-time
6	T4750	CODE_FIX	10	TEMPLATE	skills/container-security/T4750-isolate-container-networks/SKILL.md	Isolate container networks
6	T4751	CODE_FIX	10	TEMPLATE	skills/container-security/T4751-reduce-the-attack-surface-of-container-images/SKILL.md	Reduce the attack surface of container images
6	T1174	CODE_FIX	9	LIBRARY:TA8448	skills/container-security/T1174-docker/SKILL.md	Create non-root users for containers (Docker)
6	T1175	CODE_FIX	9	TEMPLATE	skills/container-security/T1175-verify-that-containers-are-not-run-as-root-docke/SKILL.md	Verify that containers are not run as root (Docker)
6	T2109	INFRA	9	TEMPLATE	skills/container-security/T2109-enable-signed-image-enforcement-docker/SKILL.md	Enable signed image enforcement (Docker)
6	T2110	INFRA	9	TEMPLATE	skills/container-security/T2110-verify-that-signed-image-enforcement-is-enabled/SKILL.md	Verify that signed image enforcement is enabled (Docker)
6	T1154	INFRA	8	LIBRARY:TA8474	skills/container-security/T1154-docker/SKILL.md	Secure Docker registries (Docker)
7	T1155	INFRA	8	TEMPLATE	skills/container-security/T1155-verify-that-docker-registries-are-secure-docker/SKILL.md	Verify that Docker registries are secure (Docker)
7	T1156	INFRA	8	LIBRARY:TA8473	skills/container-security/T1156-docker/SKILL.md	Do not use the aufs storage driver (Docker)
7	T1157	INFRA	8	TEMPLATE	skills/container-security/T1157-verify-that-the-aufs-storage-driver-is-not-used/SKILL.md	Verify that the aufs storage driver is not used (Docker)
7	T1158	INFRA	8	LIBRARY:TA8472	skills/container-security/T1158-docker/SKILL.md	Configure TLS authentication for the Docker daemon (Docker)
7	T1159	INFRA	8	TEMPLATE	skills/container-security/T1159-verify-that-tls-authentication-is-configured-for/SKILL.md	Verify that TLS authentication is configured for the Docker daemon (Docker)
7	T1172	INFRA	8	TEMPLATE	skills/container-security/T1172-secure-daemon-configuration-files-docker/SKILL.md	Secure daemon configuration files (Docker)
7	T1173	INFRA	8	TEMPLATE	skills/container-security/T1173-verify-that-daemon-configuration-files-are-secur/SKILL.md	Verify that daemon configuration files are secured (Docker)
7	T1188	CODE_FIX	8	LIBRARY:TA8458	skills/container-security/T1188-docker/SKILL.md	Configure Linux Security Modules (Docker)
7	T1189	CODE_FIX	8	LIBRARY:TA8462	skills/container-security/T1189-docker/SKILL.md	Test if Linux Security Modules are securely configured (Docker)
7	T1190	CODE_FIX	8	LIBRARY:TA8457	skills/container-security/T1190-docker/SKILL.md	Restrict Linux Kernel Capabilities within containers (Docker)
7	T1191	CODE_FIX	8	LIBRARY:TA8461	skills/container-security/T1191-docker/SKILL.md	Test if Linux Kernel Capabilities are restricted within containers (Docker)
7	T1192	CODE_FIX	8	LIBRARY:TA8439	skills/container-security/T1192-docker/SKILL.md	Do not expose unnecessary host resources (Docker)
7	T1193	CODE_FIX	8	TEMPLATE	skills/container-security/T1193-test-if-unnecessary-host-resources-are-exposed-d/SKILL.md	Test if unnecessary host resources are exposed (Docker)
7	T1194	CODE_FIX	8	LIBRARY:TA8460	skills/container-security/T1194-docker/SKILL.md	Do not run SSH within containers (Docker)
7	T1195	CODE_FIX	8	TEMPLATE	skills/container-security/T1195-test-if-ssh-is-running-within-containers-docker/SKILL.md	Test if SSH is running within containers (Docker)
7	T1196	CODE_FIX	8	LIBRARY:TA8442	skills/container-security/T1196-docker/SKILL.md	Open only needed ports on the containers (Docker)
7	T1197	CODE_FIX	8	TEMPLATE	skills/container-security/T1197-test-if-only-needed-ports-are-open-on-the-contai/SKILL.md	Test if only needed ports are open on the containers (Docker)
7	T1198	CODE_FIX	8	LIBRARY:TA8456	skills/container-security/T1198-docker/SKILL.md	Do not share the host's network namespace (Docker)
7	T1199	CODE_FIX	8	TEMPLATE	skills/container-security/T1199-test-that-the-host-s-network-namespace-is-not-sh/SKILL.md	Test that the host's network namespace is not shared (Docker)
7	T1200	CODE_FIX	8	LIBRARY:TA8455	skills/container-security/T1200-docker/SKILL.md	Limit resources used by containers (Docker)
8	T1201	CODE_FIX	8	TEMPLATE	skills/container-security/T1201-test-that-resources-used-by-containers-are-limit/SKILL.md	Test that resources used by containers are limited (Docker)
8	T1202	CODE_FIX	8	LIBRARY:TA8454	skills/container-security/T1202-docker/SKILL.md	Set container CPU priority appropriately (Docker)
8	T1203	CODE_FIX	8	TEMPLATE	skills/container-security/T1203-test-if-container-cpu-priority-is-appropriately/SKILL.md	Test if container CPU priority is appropriately set (Docker)
8	T1204	CODE_FIX	8	LIBRARY:TA8453	skills/container-security/T1204-docker/SKILL.md	Mount container's root file system as read-only (Docker)
8	T1205	CODE_FIX	8	TEMPLATE	skills/container-security/T1205-test-if-the-container-s-root-file-system-is-moun/SKILL.md	Test if the container's root file system is mounted as read-only (Docker)
8	T1206	CODE_FIX	8	LIBRARY:TA8452	skills/container-security/T1206-docker/SKILL.md	Set the 'on-failure' container restart policy to 5 (Docker)
8	T1207	CODE_FIX	8	TEMPLATE	skills/container-security/T1207-test-that-the-on-failure-container-restart-polic/SKILL.md	Test that the 'on-failure' container restart policy is set to 5 (Docker)
8	T1210	CODE_FIX	8	LIBRARY:TA8450	skills/container-security/T1210-docker/SKILL.md	Configure seccomp profile (Docker)
8	T1211	CODE_FIX	8	TEMPLATE	skills/container-security/T1211-verify-that-seccomp-profile-is-enabled-docker/SKILL.md	Verify that seccomp profile is enabled (Docker)
8	T1214	CODE_FIX	8	LIBRARY:TA8449	skills/container-security/T1214-docker/SKILL.md	Restrict containers from acquiring additional privileges (Docker)
8	T1215	CODE_FIX	8	TEMPLATE	skills/container-security/T1215-verify-that-containers-are-restricted-from-acqui/SKILL.md	Verify that containers are restricted from acquiring additional privileges (Docker)
8	T1234	INFRA	8	TEMPLATE	skills/container-security/T1234-only-allow-trusted-users-to-control-the-docker-d/SKILL.md	Only allow trusted users to control the Docker daemon (Docker)
8	T1235	INFRA	8	TEMPLATE	skills/container-security/T1235-test-that-only-trusted-users-can-control-the-doc/SKILL.md	Test that only trusted users can control the Docker daemon (Docker)
8	T1236	INFRA	8	TEMPLATE	skills/container-security/T1236-audit-the-docker-daemon-and-its-files-docker/SKILL.md	Audit the Docker daemon and its files (Docker)
8	T1237	INFRA	8	TEMPLATE	skills/container-security/T1237-test-that-the-docker-daemon-and-its-files-are-au/SKILL.md	Test that the Docker daemon and its files are audited (Docker)
8	T2256	INFRA	8	TEMPLATE	skills/container-security/T2256-authenticate-and-log-all-access-to-registries-co/SKILL.md	Authenticate and log all access to registries containing sensitive or proprietary images
8	T1150	CODE_FIX	7	LIBRARY:TA8476	skills/container-security/T1150-docker/SKILL.md	Configure container networks properly (Docker)
8	T1151	CODE_FIX	7	LIBRARY:TA8469	skills/container-security/T1151-docker/SKILL.md	Verify that container networks are configured properly (Docker)
8	T1176	CODE_FIX	7	LIBRARY:TA8447	skills/container-security/T1176-docker/SKILL.md	Use trusted base images and include the latest security patches (Docker)
8	T1177	CODE_FIX	7	LIBRARY:TA8477	skills/container-security/T1177-docker/SKILL.md	Verify that secure and updated images are used (Docker)
9	T1208	CODE_FIX	7	LIBRARY:TA8451	skills/container-security/T1208-docker/SKILL.md	Do not set mount propagation mode to 'shared' (Docker)
9	T1209	CODE_FIX	7	TEMPLATE	skills/container-security/T1209-verify-that-mount-propagation-mode-is-not-set-to/SKILL.md	Verify that mount propagation mode is not set to 'shared' (Docker)
9	T1212	CODE_FIX	7	LIBRARY:TA8440	skills/container-security/T1212-docker/SKILL.md	Confirm cgroup usage (Docker)
9	T1213	CODE_FIX	7	TEMPLATE	skills/container-security/T1213-verify-that-cgroup-usage-is-confirmed-docker/SKILL.md	Verify that cgroup usage is confirmed (Docker)
9	T2115	INFRA	7	TEMPLATE	skills/container-security/T2115-enable-image-vulnerability-scanning-docker/SKILL.md	Enable image vulnerability scanning (Docker)
9	T2116	INFRA	7	TEMPLATE	skills/container-security/T2116-verify-that-image-vulnerability-scanning-is-enab/SKILL.md	Verify that image vulnerability scanning is enabled (Docker)
9	T1468	CODE_FIX	9	TEMPLATE	skills/cryptography/T1468-encrypt-sensitive-data-at-rest-in-the-browser/SKILL.md	Encrypt sensitive data at rest in the browser
9	T197	CODE_FIX	9	TEMPLATE	skills/cryptography/T197-validate-the-signature-of-all-remote-code-update/SKILL.md	Validate the signature of all remote code/updates to verify their origin and integrity
9	T2485	CODE_FIX	9	TEMPLATE	skills/cryptography/T2485-verify-that-remote-code-and-updates-are-correctl/SKILL.md	Verify that remote code and updates are correctly encrypted and signed (server side)
9	T2486	CODE_FIX	9	TEMPLATE	skills/cryptography/T2486-encrypt-and-sign-all-remote-code-updates-server/SKILL.md	Encrypt and sign all remote code/updates (server side)
9	T2620	INFRA	9	TEMPLATE	skills/cryptography/T2620-protect-data-in-transit-with-tls-postgresql/SKILL.md	Protect data in transit with TLS (PostgreSQL)
9	T439	CODE_FIX	9	TEMPLATE	skills/cryptography/T439-verify-that-the-origin-and-integrity-of-remote-c/SKILL.md	Verify that the origin and integrity of remote code and updates are checked (client side)
9	T1166	INFRA	8	LIBRARY:TA8467	skills/cryptography/T1166-docker/SKILL.md	Encrypt data exchanged between containers on different nodes on the overlay network (Docker)
9	T1167	INFRA	8	TEMPLATE	skills/cryptography/T1167-verify-that-data-exchanged-between-containers-on/SKILL.md	Verify that data exchanged between containers on different nodes on the overlay network is encrypted (Docker)
9	T21	CODE_FIX	8	LIBRARY:TA8620	skills/cryptography/T21-python/SKILL.md	Ensure all data in transit is encrypted using a secure TLS channel
9	T2601	INFRA	8	TEMPLATE	skills/cryptography/T2601-use-transparent-data-encryption-with-enterprise/SKILL.md	Use Transparent Data Encryption with Enterprise Databases
9	T2610	INFRA	8	TEMPLATE	skills/cryptography/T2610-verify-that-transparent-data-encryption-is-utili/SKILL.md	Verify that Transparent Data Encryption is utilized with Enterprise Databases
9	T2621	INFRA	8	TEMPLATE	skills/cryptography/T2621-use-file-volume-encryption-and-consider-in-datab/SKILL.md	Use file volume encryption and consider in-database encryption with pgcrypto (PostgreSQL)
9	T2665	INFRA	8	TEMPLATE	skills/cryptography/T2665-protect-sensitive-data-at-rest-with-encryption/SKILL.md	Protect sensitive data at rest with encryption
9	T2666	INFRA	8	TEMPLATE	skills/cryptography/T2666-protect-data-in-transit-with-tls-database-server/SKILL.md	Protect data in transit with TLS (Database Server)
10	T4443	CODE_FIX	8	TEMPLATE	skills/cryptography/T4443-prevent-cryptographic-failures-bash-shell/SKILL.md	Prevent cryptographic failures (Bash/Shell)
10	T445	CODE_FIX	8	TEMPLATE	skills/cryptography/T445-verify-that-only-approved-cryptographic-algorith/SKILL.md	Verify that only approved cryptographic algorithms and key lengths are used
10	T4454	CODE_FIX	8	TEMPLATE	skills/cryptography/T4454-test-cryptographic-functions-bash-shell/SKILL.md	Test cryptographic functions (Bash/Shell)
10	T446	CODE_FIX	8	TEMPLATE	skills/cryptography/T446-verify-that-only-standard-libraries-are-used-for/SKILL.md	Verify that only standard libraries are used for cryptography
10	T59	CODE_FIX	8	LIBRARY:TA8547	skills/cryptography/T59-python/SKILL.md	Use standard libraries for cryptography
10	T60	CODE_FIX	8	LIBRARY:TA9492	skills/cryptography/T60-python/SKILL.md	Use correct and approved cryptographic algorithms, parameters, and key lengths
10	T87	CODE_FIX	8	TEMPLATE	skills/cryptography/T87-verify-that-all-data-in-transit-is-encrypted-usi/SKILL.md	Verify that all data in transit is encrypted using a secure TLS channel
10	T151	CODE_FIX	7	LIBRARY:TA9352	skills/cryptography/T151-python/SKILL.md	Use cryptographically secure random numbers
10	T156	CODE_FIX	7	TEMPLATE	skills/cryptography/T156-validate-certificate-and-its-chain-of-trust-prop/SKILL.md	Validate certificate and its chain of trust properly
10	T175	CODE_FIX	7	TEMPLATE	skills/cryptography/T175-test-that-the-client-validates-digital-certifica/SKILL.md	Test that the client validates digital certificates
10	T2603	INFRA	7	TEMPLATE	skills/cryptography/T2603-protect-backup-archive-bits/SKILL.md	Protect backup archive bits
10	T2612	INFRA	7	TEMPLATE	skills/cryptography/T2612-verify-backup-archive-bits-are-protected/SKILL.md	Verify backup archive bits are protected
10	T295	CODE_FIX	7	LIBRARY:TA9517	skills/cryptography/T295-python/SKILL.md	Avoid storing unencrypted confidential data without access control mechanisms
10	T296	CODE_FIX	7	TEMPLATE	skills/cryptography/T296-test-that-unencrypted-confidential-data-is-not-s/SKILL.md	Test that unencrypted confidential data is not stored without access control mechanisms
10	T587	CODE_FIX	7	TEMPLATE	skills/cryptography/T587-verify-that-cryptographically-secure-algorithms/SKILL.md	Verify that cryptographically secure algorithms are used for random number generation
10	T2662	INFRA	10	TEMPLATE	skills/database-security/T2662-restrict-network-access-to-the-database-server/SKILL.md	Restrict network access to the database server
10	T2605	INFRA	9	TEMPLATE	skills/database-security/T2605-validate-database-traffic/SKILL.md	Validate database traffic
10	T2614	INFRA	9	TEMPLATE	skills/database-security/T2614-verify-database-traffic-is-validated/SKILL.md	Verify database traffic is validated
10	T2616	INFRA	9	TEMPLATE	skills/database-security/T2616-use-a-secure-authentication-mechanism-for-databa/SKILL.md	Use a secure authentication mechanism for database connections (PostgreSQL)
10	T2652	INFRA	9	TEMPLATE	skills/database-security/T2652-consider-adding-plugins-for-stronger-authenticat/SKILL.md	Consider adding plugins for stronger authentication protocols and stricter password complexity rules (MariaDB)
11	T2661	INFRA	9	TEMPLATE	skills/database-security/T2661-change-insecure-configuration-defaults-and-remov/SKILL.md	Change insecure configuration defaults and remove unnecessary features
11	T2663	INFRA	9	TEMPLATE	skills/database-security/T2663-use-a-secure-authentication-mechanism-for-databa/SKILL.md	Use a secure authentication mechanism for database connections
11	T2602	INFRA	8	TEMPLATE	skills/database-security/T2602-log-typical-database-and-server-activities-and-r/SKILL.md	Log typical database and server activities and related metadata
11	T2611	INFRA	8	TEMPLATE	skills/database-security/T2611-verify-that-typical-database-and-server-activiti/SKILL.md	Verify that typical database and server activities, along with related metadata, are logged
11	T2615	INFRA	8	TEMPLATE	skills/database-security/T2615-limit-network-access-by-blocking-connections-fro/SKILL.md	Limit network access by blocking connections from unknown IP addresses (PostgreSQL)
11	T2619	INFRA	7	TEMPLATE	skills/database-security/T2619-ensure-that-row-level-security-is-correctly-conf/SKILL.md	Ensure that row-level security is correctly configured (PostgreSQL)
11	T186	CODE_FIX	10	LIBRARY:TA9369	skills/dependency-management/T186-python/SKILL.md	Use recommended settings and the latest patches for third party libraries and software
11	T241	CODE_FIX	10	TEMPLATE	skills/dependency-management/T241-verify-that-third-party-libraries-use-secure-set/SKILL.md	Verify that third party libraries use secure settings and the latest patches
11	T7374	CODE_FIX	10	TEMPLATE	skills/dependency-management/T7374-pin-hash-and-continuously-audit-python-dependenc/SKILL.md	Pin, hash, and continuously audit Python dependencies (FastAPI)
11	T3913	INFRA	8	TEMPLATE	skills/dependency-management/T3913-implement-package-registry-security-github/SKILL.md	Implement package registry security (GitHub)
11	T3930	INFRA	8	TEMPLATE	skills/dependency-management/T3930-test-package-registry-security-github/SKILL.md	Test package registry security (GitHub)
11	CT9	CODE_FIX	10	TEMPLATE	skills/infrastructure-hardening/CT9-ismenia/SKILL.md	Ismenia
11	T2349	CODE_FIX	8	TEMPLATE	skills/infrastructure-hardening/T2349-configure-software-to-have-secure-settings-by-de/SKILL.md	Configure software to have secure settings by default
11	T2357	CODE_FIX	8	TEMPLATE	skills/infrastructure-hardening/T2357-verify-that-software-is-configured-to-have-secur/SKILL.md	Verify that software is configured to have secure settings by default
11	T281	CODE_FIX	8	TEMPLATE	skills/infrastructure-hardening/T281-follow-best-practices-when-handling-access-token/SKILL.md	Follow best practices when handling access tokens (API tokens)
11	T4441	CODE_FIX	8	TEMPLATE	skills/infrastructure-hardening/T4441-prevent-attacks-related-to-environmental-vulnera/SKILL.md	Prevent attacks related to environmental vulnerabilities (Bash/Shell)
11	T4442	CODE_FIX	8	TEMPLATE	skills/infrastructure-hardening/T4442-manage-and-protect-script-processes-bash-shell/SKILL.md	Manage and protect script processes (Bash/Shell)
11	T4452	CODE_FIX	8	TEMPLATE	skills/infrastructure-hardening/T4452-test-environmental-vulnerabilities-bash-shell/SKILL.md	Test environmental vulnerabilities (Bash/Shell)
11	T4453	CODE_FIX	8	TEMPLATE	skills/infrastructure-hardening/T4453-test-protection-of-script-processes-bash-shell/SKILL.md	Test protection of script processes (Bash/Shell)
11	T4601	INFRA	8	TEMPLATE	skills/infrastructure-hardening/T4601-prioritize-static-network-configuration/SKILL.md	Prioritize static network configuration
12	T105	CODE_FIX	7	TEMPLATE	skills/infrastructure-hardening/T105-verify-that-your-application-does-not-have-unnec/SKILL.md	Verify that your application does not have unnecessary debug capability or leftover test/debug code
12	T2258	INFRA	7	TEMPLATE	skills/infrastructure-hardening/T2258-minimize-host-os-attack-surface/SKILL.md	Minimize host OS attack surface
12	T284	CODE_FIX	7	TEMPLATE	skills/infrastructure-hardening/T284-generate-secure-access-tokens-api-tokens/SKILL.md	Generate secure access tokens (API tokens)
12	T49	CODE_FIX	7	LIBRARY:TA8625	skills/infrastructure-hardening/T49-python/SKILL.md	Disable and remove debug capabilities and code/data, and prepare application for release
12	T101	CODE_FIX	10	TEMPLATE	skills/input-validation/T101-test-that-application-is-not-vulnerable-to-sql-i/SKILL.md	Test that application is not vulnerable to SQL injection
12	T122	CODE_FIX	10	TEMPLATE	skills/input-validation/T122-test-for-remote-file-include/SKILL.md	Test for remote file include
12	T38	CODE_FIX	10	LIBRARY:TA9283	skills/input-validation/T38-python/SKILL.md	Bind variables in SQL statements
12	T42	CODE_FIX	10	LIBRARY:TA9489	skills/input-validation/T42-python/SKILL.md	Avoid relying on untrusted data for server-side selection
12	T43	CODE_FIX	10	LIBRARY:TA9320	skills/input-validation/T43-python/SKILL.md	Avoid unsafe operating system interaction
12	T659	CODE_FIX	10	TEMPLATE	skills/input-validation/T659-test-that-user-supplied-inputs-are-validated-bef/SKILL.md	Test that user-supplied inputs are validated before being passed to OS commands
12	T7359	CODE_FIX	10	TEMPLATE	skills/input-validation/T7359-prevent-sql-injection-with-orm-queries-and-param/SKILL.md	Prevent SQL injection with ORM queries and parameterized raw SQL (FastAPI)
12	T7360	CODE_FIX	10	TEMPLATE	skills/input-validation/T7360-block-server-side-request-forgery-in-outbound-an/SKILL.md	Block server-side request forgery in outbound and background-task calls (FastAPI)
12	T7366	CODE_FIX	10	TEMPLATE	skills/input-validation/T7366-validate-and-safely-store-uploaded-files-fastapi/SKILL.md	Validate and safely store uploaded files (FastAPI)
12	T7380	CODE_FIX	10	TEMPLATE	skills/input-validation/T7380-avoid-os-command-and-dynamic-code-execution-on-u/SKILL.md	Avoid OS command and dynamic code execution on user input (FastAPI)
12	T7381	CODE_FIX	10	TEMPLATE	skills/input-validation/T7381-use-safe-parsers-and-never-deserialize-untrusted/SKILL.md	Use safe parsers and never deserialize untrusted binary data (FastAPI)
12	T2599	CODE_FIX	9	TEMPLATE	skills/input-validation/T2599-protect-against-connection-string-parameter-poll/SKILL.md	Protect against connection string parameter pollution
12	T2608	CODE_FIX	9	TEMPLATE	skills/input-validation/T2608-verify-that-the-connection-string-is-protected-a/SKILL.md	Verify that the connection string is protected against connection string parameter pollution
12	T7412	CODE_FIX	9	TEMPLATE	skills/input-validation/T7412-isolate-dangerous-functionality-and-risky-third/SKILL.md	Isolate dangerous functionality and risky third-party components using sandboxing or encapsulation
12	T7415	CODE_FIX	9	TEMPLATE	skills/input-validation/T7415-verify-that-dangerous-functionality-and-risky-th/SKILL.md	Verify that dangerous functionality and risky third-party components are isolated via sandboxing or encapsulation
12	T1144	CODE_FIX	8	LIBRARY:TA9360	skills/input-validation/T1144-python/SKILL.md	Prevent Server-Side Template Injection (SSTI)
13	T1145	CODE_FIX	8	TEMPLATE	skills/input-validation/T1145-verify-if-web-page-template-is-vulnerable-to-sst/SKILL.md	Verify if web page template is vulnerable to SSTI
13	T1365	CODE_FIX	8	LIBRARY:TA8521	skills/input-validation/T1365-python/SKILL.md	Mitigate Server Side Request Forgery
13	T1392	CODE_FIX	8	TEMPLATE	skills/input-validation/T1392-test-for-server-side-request-forgery/SKILL.md	Test for Server Side Request Forgery
13	T279	CODE_FIX	8	TEMPLATE	skills/input-validation/T279-avoid-dynamically-loading-any-code-without-prope/SKILL.md	Avoid dynamically loading any code without proper security considerations
13	T305	CODE_FIX	8	TEMPLATE	skills/input-validation/T305-verify-that-your-application-dynamically-loads-c/SKILL.md	Verify that your application dynamically loads code only from secure locations
13	T36	CODE_FIX	8	LIBRARY:TA9293	skills/input-validation/T36-python/SKILL.md	Escape untrusted data in HTML, HTML attributes, CSS, and JavaScript
13	T4434	CODE_FIX	8	LIBRARY:TA8524	skills/input-validation/T4434-python/SKILL.md	Prevent injection attacks (Bash/Shell)
13	T4435	CODE_FIX	8	LIBRARY:TA8554	skills/input-validation/T4435-python/SKILL.md	Prevent path traversal and file path manipulation (Bash/Shell)
13	T4436	CODE_FIX	8	TEMPLATE	skills/input-validation/T4436-protect-directory-writing-and-reading-bash-shell/SKILL.md	Protect directory writing and reading (Bash/Shell)
13	T4437	CODE_FIX	8	TEMPLATE	skills/input-validation/T4437-prevent-input-file-attacks-bash-shell/SKILL.md	Prevent input file attacks (Bash/Shell)
13	T4438	CODE_FIX	8	LIBRARY:TA8520	skills/input-validation/T4438-python/SKILL.md	Prevent file upload vulnerabilities (Bash/Shell)
13	T4445	CODE_FIX	8	LIBRARY:TA8591	skills/input-validation/T4445-python/SKILL.md	Test prevention of injection attacks (Bash/Shell)
13	T4446	CODE_FIX	8	LIBRARY:TA8593	skills/input-validation/T4446-python/SKILL.md	Test prevention of path traversal and file path manipulation (Bash/Shell)
13	T4447	CODE_FIX	8	TEMPLATE	skills/input-validation/T4447-test-directory-writing-and-reading-bash-shell/SKILL.md	Test directory writing and reading (Bash/Shell)
13	T4448	CODE_FIX	8	TEMPLATE	skills/input-validation/T4448-test-prevention-against-input-file-attacks-bash/SKILL.md	Test prevention against input file attacks (Bash/Shell)
13	T4449	CODE_FIX	8	TEMPLATE	skills/input-validation/T4449-test-prevention-of-file-upload-vulnerabilities-b/SKILL.md	Test prevention of file upload vulnerabilities (Bash/Shell)
13	T573	INFRA	8	TEMPLATE	skills/input-validation/T573-prevent-uddi-ebxml-spoofing/SKILL.md	Prevent UDDI/ebXML spoofing
13	T576	INFRA	8	TEMPLATE	skills/input-validation/T576-verify-that-uddi-ebxml-spoofing-is-prevented/SKILL.md	Verify that UDDI/ebXML spoofing is prevented
13	T7377	CODE_FIX	8	TEMPLATE	skills/input-validation/T7377-escape-and-sanitize-user-content-in-server-rende/SKILL.md	Escape and sanitize user content in server-rendered HTML (FastAPI)
13	T7378	CODE_FIX	8	TEMPLATE	skills/input-validation/T7378-restrict-redirect-targets-to-relative-paths-or-a/SKILL.md	Restrict redirect targets to relative paths or an allowlist (FastAPI)
14	T89	CODE_FIX	8	TEMPLATE	skills/input-validation/T89-test-that-site-is-not-vulnerable-to-xss/SKILL.md	Test that site is not vulnerable to XSS
14	T32	CODE_FIX	7	LIBRARY:TA9302	skills/input-validation/T32-python/SKILL.md	Always perform input validation on a server
14	T4433	CODE_FIX	7	TEMPLATE	skills/input-validation/T4433-prevent-path-environment-attacks-bash-shell/SKILL.md	Prevent path environment attacks (Bash/Shell)
14	T4444	CODE_FIX	7	TEMPLATE	skills/input-validation/T4444-test-prevention-of-path-environment-attacks-bash/SKILL.md	Test prevention of path environment attacks (Bash/Shell)
14	T7411	CODE_FIX	7	TEMPLATE	skills/input-validation/T7411-implement-controls-for-content-intended-to-be-di/SKILL.md	Implement controls for content intended to be displayed as text
14	T7414	CODE_FIX	7	TEMPLATE	skills/input-validation/T7414-verify-that-content-intended-as-text-is-rendered/SKILL.md	Verify that content intended as text is rendered safely without XSS injection risk
14	T98	CODE_FIX	7	TEMPLATE	skills/input-validation/T98-test-for-input-validation-on-a-server/SKILL.md	Test for input validation on a server
14	T7371	CODE_FIX	10	TEMPLATE	skills/logging-monitoring/T7371-emit-structured-audit-logs-without-leaking-sensi/SKILL.md	Emit structured audit logs without leaking sensitive data (FastAPI)
14	T349	INFRA	7	TEMPLATE	skills/logging-monitoring/T349-protect-audit-information-and-logs-against-unaut/SKILL.md	Protect audit information and logs against unauthorized access
14	T350	INFRA	7	TEMPLATE	skills/logging-monitoring/T350-verify-that-audit-information-is-sufficiently-pr/SKILL.md	Verify that audit information is sufficiently protected
14	T1186	CODE_FIX	10	LIBRARY:TA8441	skills/secrets-management/T1186-docker/SKILL.md	Do not store secrets in Dockerfiles (Docker)
14	T1187	CODE_FIX	10	LIBRARY:TA8466	skills/secrets-management/T1187-docker/SKILL.md	Test if secrets are stored in Dockerfiles (Docker)
14	T7369	CODE_FIX	10	TEMPLATE	skills/secrets-management/T7369-externalize-the-jwt-signing-key-and-other-secret/SKILL.md	Externalize the JWT signing key and other secrets from code (FastAPI)
14	T76	CODE_FIX	10	LIBRARY:TA8509	skills/secrets-management/T76-python/SKILL.md	Do not hardcode passwords
14	T214	INFRA	9	TEMPLATE	skills/secrets-management/T214-protect-confidential-files-on-operating-system-o/SKILL.md	Protect confidential files on operating system or server
